time,x,y,z,debris_1,debris_2,debris_3,debris_4,debris_5,debris_6,debris_7,debris_8,debris_9,debris_10
0.0,-5.5404913513263e-13,-985.0862196409336,-7009.252661171024,14088.479668160218,12931.727171092201,8343.525921545814,4599.396810678112,12303.151611356769,13816.19676627835,9138.723317233436,13544.555083871992,4646.569721924575,2427.715544468012
10.027855153203342,-75.25048245711565,-985.0305475903396,-7008.856533947845,14097.44134944467,12875.883993808224,8290.004099209822,4643.039076266657,12314.963121620212,13814.556564536422,9146.264703054838,13550.572224277583,4571.229538052157,2368.1374634453587
20.055710306406684,-150.49245936703488,-984.8635377311587,-7007.668197052489,14105.483678067938,12818.90380857608,8236.733755648971,4687.311325205687,12326.605847985451,13812.83660386069,9153.805497522317,13556.384103951594,4497.767463803227,2315.418844022264
30.08356545961003,-225.7174261439443,-984.5852089404821,-7005.6877848024415,14112.604592642634,12760.797320243657,8183.744119950685,4732.176143692018,12338.075011893232,13811.037632207777,9161.34229706283,13561.988360843292,4426.311036634159,2270.062229801866
40.11142061281337,-300.91688012467716,-984.1955926777583,-7002.915521043308,14118.802270147096,12701.575524056338,8131.064870465066,4777.596842400264,12349.36591878569,13809.160432188732,9168.871708291517,13567.382720050191,4356.992023608721,2232.5374324938
50.13927576601671,-376.0823215297779,-983.6947329812365,-6999.351719123514,14124.075125588164,12641.249710061931,8078.726127665806,4823.537475449093,12360.473959387593,13807.205820768311,9176.390349486192,13572.564994432661,4289.9461215365645,2203.2619888943677
60.16713091922006,-451.20525442422394,-983.0826864629896,-6994.996781858889,14128.421811708287,12579.831467756898,8026.75844549478,4869.962854527562,12371.39461094735,13805.174648950544,9183.894852042004,13577.533085201365,4225.312555741125,2182.5813273221033
70.19498607242339,-526.2771876777228,-982.359522302515,-6989.851201487135,14131.841218736781,12517.33269098651,7975.192801074763,4916.8385586495,12382.123438438315,13803.06780145062,9191.381861905826,13582.284982477735,4163.233565913936,2170.7505546499065
80.22284122562674,-601.2896359244586,-981.5253222389149,-6983.915559612185,14134.332474185063,12453.765583112587,7924.060582671863,4964.130939982953,12392.656095721273,13800.886196353138,9198.848040990073,13586.818765827737,4103.853768493228,2167.919933273445
90.25069637883009,-676.2341205221936,-980.5801805616583,-6977.1905271384685,14135.894942685805,12389.142662463018,7873.393575786702,5011.8071261784535,12402.988326668667,13798.630784756817,9206.290068565564,13591.132604769236,4047.3193867430787,2174.1258938867727
100.27855153203342,-751.1021705106112,-979.5242040999225,-6969.676864195084,14136.52822587582,12323.476768078113,7823.223947251914,5059.835019594581,12413.115966251393,13796.302550405688,9213.704642633193,13595.224759253153,3993.7773423320646,2189.2888077983457
110.30640668523677,-825.8853235687836,-978.3575122105186,-6961.375420049868,14136.232162322685,12256.7810657696,7773.584227212657,5108.183293793323,12423.034941588803,13793.902509306852,9221.08848127406,13599.093580118606,3943.3742058129596,2213.217831400232
120.33426183844011,-900.5751269716619,-977.0802367644011,-6952.2871330134185,14135.006827494986,12189.06905450905,7724.507288867252,5156.821387651037,12432.741272962608,13791.431709334882,9228.4383239779,13602.737509522385,3896.255008035199,2245.6221476314727
130.36211699164346,-975.1631385454945,-975.6925221317616,-6942.413030333027,14132.852533776233,12120.354573163193,7676.026325846387,5205.719497404309,12442.231074795414,13788.891229822912,9235.750932949528,13606.155081342808,3852.5619201524732,2286.127105645959
140.38997214484678,-1049.6409276220393,-974.1945251657119,-6931.754228076573,14129.769830522406,12050.651807594802,7628.174827112253,5254.848566923974,12451.5005565945,13786.282181140537,9243.023094393156,13609.344921558293,3812.4328163965793,2334.293280854351
150.41782729805013,-1124.0000759914801,-972.5864151845533,-6920.311931006373,14125.759504163172,11979.97529814855,7580.986549263016,5304.180276485119,12460.546023861578,13783.605704258563,9250.251619774388,13612.30574860075,3775.9997409373036,2389.6364050159905
160.44568245125348,-1198.2321788539396,-970.8683739526398,-6908.087432443009,14120.822578346884,11908.339947542407,7534.495486134173,5353.687030276537,12469.363878969152,13780.86297030071,9257.433347059778,13615.036373684012,3743.387307574424,2451.6463911450674
170.47353760445682,-1272.3288457694646,-969.0405956598336,-6895.082114119144,14114.960314129385,11835.761029186204,7488.7358355957795,5403.341942869943,12477.950622004122,13778.055180082338,9264.565141933826,13617.53570110747,3714.711068228663,2519.8041654537924
180.50139275766017,-1346.2817016064014,-967.1032868995544,-6881.2974460233445,14108.174210206756,11762.254195950076,7443.741963454256,5453.118824847158,12486.302851579274,13775.183563636368,9271.643898993283,13619.802728535042,3690.075892633169,2593.595567960712
190.5292479108635,-1420.0823874880361,-965.0566666454296,-6866.734986233926,14100.466003192192,11687.83548940663,7399.548364379137,5502.992167763077,12494.417265613287,13772.249379726345,9278.666542918756,13621.83654724964,3669.5744066416655,2672.5220765979434
200.55710306406684,-1493.722561737396,-962.9009662265429,-6851.396380742849,14091.83766793712,11612.52134957199,7356.18961978896,5552.937128602765,12502.290662079835,13769.253915346917,9285.63002962349,13623.636342383286,3653.285539538899,2756.108481115201
210.58495821727018,-1567.1939008201011,-960.6364293012876,-6835.283363269667,14082.291417896746,11536.328625171975,7313.7003526467415,5602.92951387344,12509.91993972642,13766.198485211702,9292.531347379363,13625.201393122949,3641.2732311260993,2843.907866260032
220.61281337047353,-1640.4881002851823,-958.2633118298262,-6818.397755065569,14071.829705540324,11459.274584461115,7272.115179133945,5652.945763455481,12517.302098763457,13763.084431228765,9299.367517920013,13626.531072892243,3633.58534679037,2935.5043749619135
230.64066852367688,-1713.5968757037242,-955.7818820451583,-6800.741464707521,14060.455222806293,11381.376926623387,7231.468657192974,5702.9629343216375,12524.434241524223,13759.913121963706,9306.135597521135,13627.624849509093,3630.2528431251144,3030.514243032827
240.66852367688023,-1786.5119636052555,-953.1924204228034,-6782.31648788254,14048.170901602558,11302.653793785088,7191.795231951541,5752.958684219695,12531.313573096173,13756.685952090596,9312.832678057963,13628.48228531942,3631.2892181118923,3128.585560506138
250.69637883008355,-1859.225122411768,-950.495219649098,-6763.124907162126,14034.979914352296,11223.12378367145,7153.129178068291,5802.911255401409,12537.937401924199,13753.404341830817,9319.455888039965,13629.10303730693,3636.6902688673085,3229.397148950806
260.7242339832869,-1931.7281333692563,-947.6905845881137,-6743.168891766861,14020.885674585426,11142.80596294031,7115.504539067171,5852.799458469059,12544.303140386282,13750.069736379959,9326.002393622777,13629.486857179096,3646.434167237795,3332.6568687112535
270.7520891364902,-2004.012801476686,-944.7788322471986,-6722.450697321233,14005.891837576186,11061.719881227293,7078.955063758555,5902.602656400748,12550.408305342104,13746.683605322936,9332.469399597507,13629.633591429309,3660.4818500239007,3438.0995972643154
280.77994428969356,-2076.0709564122703,-941.7602917411459,-6700.972665598675,13990.002301027082,10979.885585938713,7043.514139877611,5952.300748806282,12556.250518655006,13743.247442037395,9338.854150357374,13629.543181375304,3678.777707359736,3545.48505610533
290.8077994428969,-2147.894453456969,-938.6353042549937,-6678.737224256879,13973.221205799584,10897.32363782961,7009.2147251046445,6001.874156457214,12561.827507687854,13739.762763085695,9345.15393084189,13629.215663173842,3701.250540758919,3654.595611144965
300.83565459610026,-2219.4751744150694,-935.4042230054614,-6655.746886563393,13955.552936691916,10814.055127406073,6976.089275667899,6051.303806127242,12567.137105773156,13736.231107595466,9351.366067458579,13628.651167811664,3727.814752417302,3765.234130505766
310.8635097493036,-2290.8050285317904,-932.0674132010257,-6632.004251111556,13937.002123264305,10730.10169219211,6944.169672766069,6100.571115772497,12572.177252657926,13732.654036629021,9357.487928982397,13627.849921072715,3758.3717201488944,3877.221952621512
320.89136490250695,-2361.87595340779,-928.6252520006409,-6607.512001526773,13917.573640712042,10645.485534903057,6913.487147085238,6149.657980075527,12576.945994923632,13729.03313254174,9363.516927432971,13626.8122434816,3792.8113081477663,3990.396994958052
330.9192200557103,-2432.6799159104394,-925.0781284711088,-6582.2729061631835,13897.272610786766,10560.229442568552,6884.072201722312,6198.546756371498,12581.44148638166,13725.369998329612,9369.450518929754,13625.538550223311,3831.0134626365416,4104.61201774406
340.94707520891365,-2503.2089130818204,-921.4264435431023,-6556.289817790759,13876.104402766307,10474.35680664951,6855.954533864274,6247.220250970747,12585.66198844466,13721.666256966118,9375.286204525246,13624.029351039057,3872.8498431323437,4219.733046250461
350.974930362117,-2573.4549730432814,-917.6706099658494,-6529.56567327286,13854.074634473509,10387.89164419471,6829.162955608187,6295.661705887665,12589.60587047406,13717.92355072865,9381.021531016424,13622.285250098288,3918.185444074664,4335.637948071899
361.00278551532034,-2643.410155896517,-913.8110522604786,-6502.10349323427,13831.189173344319,10300.858620083238,6803.725314341131,6343.854785982588,12593.27161010413,13714.143540514631,9386.654091734523,13620.306945846718,3966.880167328057,4452.21515749525
371.0306406685237,-2713.066554621005,-909.8482066720361,-6473.906381719783,13807.454137545576,10213.28307040036,6779.668413130679,6391.783566520243,12596.657793542865,13710.327905147593,9392.181527313309,13618.095230830348,4018.790312957087,4569.362536583607
381.058495821727,-2782.416295967726,-905.7825211201782,-6444.977525843358,13782.87589714279,10125.191026994311,6757.017931604842,6439.43252114576,12599.763115850028,13706.478340673371,9397.601526436052,13615.650991495371,4073.7699630564084,4686.986361458044
391.0863509749303,-2851.451541349091,-901.6144551485404,-6415.320195427867,13757.461075318244,10036.60924326228,6735.798347824632,6486.786510276966,12602.586381192508,13702.596559646643,9402.911826561267,13612.975207963827,4131.672240766627,4805.000421984332
401.1142061281337,-2920.1644877249246,-897.3444798727983,-6384.937742635522,13731.216549639705,9947.565221213325,6716.032861671988,6533.830769909859,12605.12650307737,13698.684290408064,9408.110214627506,13610.068953784952,4192.350433489175,4923.325223352755
411.142061281337,-2988.5473684844474,-892.973077927415,-6353.833601588971,13704.149453380007,9858.087239855673,6697.743320289919,6580.550900832416,12607.382504562705,13694.743276352174,9413.19452773725,13606.933395662008,4255.658975427983,5041.887278656353
421.16991643454037,-3056.5924543241267,-888.500743411091,-6322.011287983145,13676.26717688774,9768.204384954652,6680.9501461199225,6626.932858240666,12609.353518446567,13690.7752751864,9418.162653820182,13603.569793154553,4321.454289750688,5160.618482373602
431.1977715877437,-3124.2920541213266,-883.9279818309145,-6289.474398687875,13647.577369009214,9677.946580205837,6665.672268083359,6672.962941749713,12611.038787434118,13686.782058181268,9423.012532275918,13599.979498355891,4389.595494803261,5279.455555544597
441.22562674094706,-3191.6385158036296,-879.2553100452257,-6256.226611341346,13618.087938561821,9587.344619865642,6651.927056448073,6718.627785791558,12612.4376642832,13682.765409412235,9427.742154596453,13596.163955545637,4459.94498194022,5398.339554328242
451.2534818941504,-3258.6242272137515,-874.4832562051951,-6222.271683934405,13587.807055858906,9496.430202878226,6639.730261909008,6763.914350390772,12613.549611928405,13678.72712499326,9432.349564968434,13592.124700817145,4532.368874721633,5517.21543450024
461.28133704735376,-3325.241616969937,-869.6123596951272,-6187.613454385801,13556.74315428611,9405.235968533392,6629.095959391501,6808.809912308482,12614.374203583866,13674.669012302462,9436.832860855462,13587.863361679649,4606.737380590493,5636.031665273294
471.3091922005571,-3391.4831553217555,-864.6431710714943,-6152.255840108387,13524.904931929148,9313.795533684757,6620.036497058437,6853.302056544721,12614.911122824742,13670.592889200136,9441.190193560602,13583.381656634936,4682.925046812981,5754.739886578654
481.33704735376045,-3457.3413550011865,-859.5762520007072,-6116.202837566338,13492.301353252848,9222.143531550606,6612.562450967715,6897.378668188776,12615.160163647593,13666.500583239362,9445.419768769274,13578.681394728286,4760.810932577565,5873.294604636808
491.36490250696374,-3522.8087720689055,-854.4121751956292,-6079.458521823419,13458.941650831228,9130.31565211169,6606.682585784733,6941.027924607029,12615.121230509645,13662.393930869555,9449.519847072665,13573.764475073518,4840.278708838639,5991.652921263933
501.3927576601671,-3587.8780067556686,-849.1515243508434,-6042.027046082395,13424.835327128261,9038.348684109982,6602.40382190631,6984.238287957592,12614.794338346974,13658.274776633192,9453.488744471893,13568.632886351887,4921.216696875486,6109.774292912697
511.42061281337044,-3652.541704298712,-843.7948940766772,-6003.9126412155865,13389.992156328839,8946.280558640434,6599.731209298538,7026.998498020958,12614.179612571663,13654.144972356107,9457.324832863042,13563.288706284604,5003.517855719645,6227.6203159349325
521.4484679665738,-3716.7925557730455,-838.3428898319953,-5965.119615286667,13354.422186219363,8854.150394313188,6598.667908291795,7069.297565335969,12613.277289047928,13650.006376331556,9461.026540503253,13557.734101078717,5087.079727667125,6345.154534985141
531.4763231197771,-3780.623298917597,-832.796127855762,-5925.652353063705,13318.135740117226,8761.998543946724,6599.215177513089,7111.124764630319,12612.08771404714,13645.860852498494,9464.592352458021,13551.971324846118,5171.804350102721,6462.342271863125
541.5041782729804,-3844.0267189560536,-827.15523509739,-5885.515315523568,13281.143418848287,8669.86664273225,6601.372369069498,7152.469628535096,12610.611344181756,13641.710269614276,9468.020811029905,13546.002718995402,5257.59814087157,6579.150472426515
551.5320334261838,-3906.995649412348,-821.4208491458756,-5844.713039347697,13243.456102771266,8577.797657786314,6605.136931028295,7193.321941572857,12608.84874631808,13637.556500422217,9471.310516168734,13539.830711596313,5344.37176347464,6695.547569495328
561.5598885793871,-3969.5229729206885,-815.5936181577322,-5803.250136409322,13205.084953847849,8485.835938981236,6610.504417170288,7233.671734408982,12606.800597467729,13633.401420814282,9474.460125863532,13533.45781671647,5432.039977463966,6811.503359925083
571.5877437325905,-4031.601622030023,-809.6742007837297,-5761.1312932521905,13166.041417757006,8394.027270911722,6617.468503924244,7273.509278356273,12604.467684657764,13629.246908989304,9477.468356516261,13526.88663373015,5520.521478585335,6926.988894247589
581.6155988857938,-4093.2245800028877,-803.6632660944464,-5718.361270560835,13126.337226051868,8302.41892581967,6626.021014323304,7312.825080122909,12601.850904779289,13625.094844607069,9480.333983297545,13520.119846598744,5609.738732468802,7041.976377472651
591.6434540389972,-4154.384881608486,-797.561493504646,-5674.944902622496,13085.984398357263,8211.05971725814,6636.151948759864,7351.6098767942385,12598.951264414462,13620.947107938617,9483.055840484545,13513.160223122697,5699.61780500284,7156.439079813627
601.6713091922005,-4215.075613909987,-791.3695726964804,-5630.887096780673,13044.995244605674,8120.000054228204,6647.849522255019,7389.854631039009,12595.769879641603,13616.805579013182,9485.63282178103,13506.010614164517,5790.0881919452395,7270.351256247878
611.6991643454039,-4275.289917045886,-785.0882035415384,-5586.192832880481,13003.382367309257,8029.291995469523,6661.1002079027485,7427.55052653105,12592.3079758184,13612.67213676211,9488.063880619906,13498.673952842633,5881.082649818437,7383.688073952549
621.7270194986072,-4335.020985005373,-778.7180960217364,-5540.86716270575,12961.158663865042,7938.989303525326,6675.888786098961,7464.688963577533,12588.566887342846,13608.548658160127,9490.348030448193,13491.153253695744,5972.537029703751,7496.425546769325
631.7548746518106,-4394.2620663976095,-772.2599701490723,-5494.91520940805,12918.337328890284,7849.147498135822,6692.198399121585,7501.261554945417,12584.54805739176,13604.437017364415,9492.484344994658,13483.451611817347,6064.390115180914,7608.5404759506455
641.7827298050139,-4453.006465214847,-765.7145558842398,-5448.342166927599,12874.931856584477,7759.823908438917,6710.010610590898,7537.260121877747,12580.253037636598,13600.339084851854,9494.47195852018,13475.572201960154,6156.583465349897,7720.010396526627
651.8105849582172,-4511.247541589269,-759.0825930541229,-5401.153299406207,12830.956043114204,7671.077723375142,6729.305469309341,7572.676690291972,12575.683487936341,13596.256726554806,9496.31006605096,13467.518277610025,6249.061263614005,7830.813528707634
661.8384401114206,-4568.978712543495,-752.3648312681725,-5353.353940592266,12786.423989016555,7582.970039602246,6750.061576957762,7607.5034871525595,12570.841176007114,13592.191802995947,9497.997923594668,13459.293170029156,6341.770172690494,7940.928733804164
671.8662952646239,-4626.193452734657,-745.5620298336789,-5304.949493237878,12741.35010161642,7495.563906126311,6772.256159109994,7641.732937010568,12565.727977068249,13588.14616842249,9499.534848339637,13450.900287268161,6434.659196140929,8050.335474203994
681.8941504178273,-4682.885295191947,-738.6749576699473,-5255.945428488188,12695.749097452432,7408.9243647485755,6795.865139020004,7675.357658703094,12560.345873464483,13584.121669940214,9500.920218837173,13442.34311314673,6527.679546572855,8159.013776997942
691.9220055710306,-4739.047832047593,-731.7043932213861,-5206.3472852629675,12649.636004705977,7323.118485312175,6820.863213635355,7708.370462205753,12554.696954263874,13580.12014664783,9502.153475167072,13433.625206202549,6620.784520551959,8266.94420089069
701.949860724234,-4794.674715261128,-724.6511243695206,-5156.160669630568,12603.026165626927,7238.215394610707,6847.223931296778,7740.764345631659,12548.783414831194,13576.143428772024,9503.2341190864,13424.750198608192,6713.929380175327,8374.107806072901
711.9777158774373,-4849.759657336906,-717.515948343939,-5105.391254174263,12555.935238949347,7154.2862976920815,6874.919770595969,7772.532492370617,12542.607556376248,13572.193336803639,9504.161714161657,13415.7217950556,6807.07124118769,8480.48612676592
722.0055710306407,-4904.296432034787,-710.2996716321804,-5054.04477735107,12508.379202289723,7071.404490158673,6903.922219881687,7803.668268362489,12536.171785476838,13568.271680635498,9504.935885884286,13406.543771607927,6900.16896747052,8586.06114618125
732.033426183844,-4958.278875073878,-703.0031098885787,-5002.127042843139,12460.374354519628,6989.645359929471,6934.201856926911,7834.165219498953,12529.478613575904,13564.380258702253,9505.556321769658,13397.219974518346,6993.18307169518,8690.815273664395
742.0612813370474,-5011.700884829287,-695.6270878420692,-4949.6439189017665,12411.937318104037,6909.086376796017,6965.728428297057,7864.017069148146,12522.53065645239,13560.520857122745,9506.022771439571,13387.754319015645,7086.0756219041805,8794.731323816819
752.0891364902507,-5064.556423021782,-688.17243920297,-4896.601337684108,12363.085041395732,6829.807067973543,6998.470927989662,7893.217715796863,12515.330633665388,13556.695248845394,9506.33504668828,13378.15078805618,7178.810153766135,8897.792497411156
762.116991643454,-5116.839515400303,-680.6400065687465,-4843.005294582656,12313.834800875522,6751.888977727839,7032.397674949378,7921.761230805218,12507.881367971031,13552.905192796936,9506.493021532044,13368.413431042007,7271.351588239082,8999.982363933903
772.1448467966574,-5168.544252417226,-673.0306413287747,-4788.861847547597,12264.20420332707,6675.415609051372,7067.476389097423,7949.641856269001,12500.18578471175,13549.152433035171,9506.496632242339,13358.546362504881,7363.666154371615,9101.284845606628
782.1727019498607,-5219.664789896321,-665.345203568107,-4734.177116402074,12214.21118793437,6600.472345276022,7103.6742655513835,7976.854002985011,12492.246911177233,13545.438697906013,9506.345877362603,13348.553760755869,7455.721316970619,9201.684202751723
792.200557103064,-5270.195349693316,-657.5845619702583,-4678.957282150466,12163.874028288812,6527.146349452004,7140.95804674867,8003.392248514981,12484.067875936664,13541.765699205464,9506.040817708632,13338.439866500305,7547.485708867279,9301.165020382145
802.2284122562673,-5320.130220348998,-649.7495937190188,-4623.208586279755,12113.211334292064,6455.526439301208,7179.29409222439,8029.2513353438635,12475.651908141652,13538.135131346868,9505.581576352577,13328.20898141789,7638.929067518712,9399.71219590637
812.2562674094708,-5369.463757734784,-641.8411843993042,-4566.9373300540365,12062.242053939628,6385.702935577914,7218.648445831511,8054.426169128458,12467.002336799267,13534.54867053404,9504.96833859052,13317.865466707684,7730.022175690148,9497.310927850562
822.284122562674,-5418.1903856906665,-633.860227897062,-4510.149873802317,12010.985474969244,6317.7674817503885,7258.986900227225,8078.911817032511,12458.122590014646,13531.007973940652,9504.201351893687,13307.413741597804,7820.736805971637,9593.946705509214
832.3119777158774,-5466.304596655498,-625.8076262982311,-4452.852636199573,11959.46122635687,6251.8128330637055,7300.2750584842815,8102.703506144632,12449.016194202532,13527.514678896418,9503.280925843172,13296.858281819626,7911.045668893507,9689.605299444234
842.3398328690807,-5513.800952289496,-617.6842897867832,-4395.052093541279,11907.689279642,6187.9326132672795,7342.478392719013,8125.7966219755535,12439.686773267165,13524.070402080557,9502.207432048233,13286.20361804635,8000.92236441531,9784.272752759785
852.3676880222841,-5560.6740840889515,-609.4911365418424,-4336.754779011373,11855.68995006279,6126.221037599994,7385.562299659094,8148.186707031403,12430.138047749871,13520.676738722985,9500.981304048082,13275.454334295737,8090.341336574336,9877.935373087254
862.3955431754874,-5606.918693993013,-601.2290926339048,-4277.967281943825,11803.483897480197,6066.77260102963,7429.492153102833,8169.869459459807,12420.373833943753,13517.335261813778,9499.603037197117,13264.615066296952,8179.277831090794,9970.579725220528
872.4233983286907,-5652.529554982546,-592.899091920164,-4218.696247077834,11751.092127069143,6009.681731247774,7474.2333532486255,8190.840731765855,12410.3980429748,13514.04752132132,9498.073188533568,13253.690499821347,8267.707855738103,10062.192624347499
882.4512534818941,-5697.501511670923,-584.5020759389586,-4158.948373806789,11698.535989753116,5955.042406530026,7519.751372897273,8211.096529595028,12400.21467984876,13510.815043419694,9496.392376631486,13242.685368977172,8355.608143297604,10152.76112982846
892.4791086350974,-5741.829480886746,-576.0389938033494,-4098.730415421025,11645.837182357624,5902.9477392832105,7566.011800551805,8230.633010580434,12389.827842463119,13507.63932972574,9494.561281436017,13231.604454468106,8442.956116927846,10242.27253947657
902.5069637883008,-5785.508452248396,-567.5108020938416,-4038.0491783445045,11593.017747456073,5853.489526910857,7612.980380458693,8249.446483251708,12379.241720583505,13504.521856546286,9492.580644081867,13220.452581815633,8529.72985778887,10330.71438429955
912.5348189415041,-5828.533488730349,-558.9184647502624,-3976.911521365491,11540.100072880612,5806.757772524086,7660.623049651279,8267.533406003202,12368.460594783806,13501.464074136027,9490.451266694909,13209.234619545256,8615.90807477192,10418.074423665317
922.5626740947075,-5870.899727221217,-550.2629529628078,-3915.3243548612973,11487.10689086861,5762.840178989065,7708.905972070909,8284.89038611912,12357.488835349333,13498.467405966547,9488.174012176833,13197.955477336574,8701.470076194511,10504.340640857636
932.5905292479108,-5912.602379073413,-541.5452450622693,-3853.294640017215,11434.061276814373,5721.8216208096155,7757.795569853553,8301.514178853422,12346.33090114229,13495.533248006905,9485.749803972718,13186.620104137332,8786.395743329826,10589.501238990617
942.6183844011142,-5953.636730644424,-532.7663264094515,-3790.829388039682,11380.98664759379,5683.783599362252,7807.258551879989,8317.40168656243,12334.991338428903,13492.662968016313,9483.179625821502,13175.233486241506,8870.66550564801,10673.544637253783
952.6462395543175,-5993.998143829577,-523.927189283799,-3727.9356593638113,11327.906759428466,5648.803687992763,7857.261939695869,8332.549957888183,12323.474779667398,13489.857904849347,9480.464521489135,13163.800645331636,8954.260317655033,10756.459467461606
962.6740947075209,-6033.6820565863045,-515.0288327712382,-3664.6205628553553,11274.845705254205,5616.954974404836,7907.773090914457,8346.956186990708,12311.785942256256,13487.119367774118,9477.60559448442,13152.326636485499,9037.161637222398,10838.234570883758
972.7019498607242,-6072.683983449765,-506.07226265125183,-3600.891255007194,11221.827911557268,5588.30550857453,7958.759720219536,8360.617712827509,12299.929627241847,13484.448635803928,9474.604007757323,13140.81654614746,9119.351405308185,10918.858995334207
982.7298050139275,-6110.999516039858,-497.05849128319437,-3536.754939130424,11168.87813464054,5562.917765062277,8010.189918089289,8373.532018478554,12287.910717984892,13481.846957042802,9471.460983379702,13129.27549006465,9200.812026976695,10998.321992499152
992.7576601671309,-6148.624323559486,-487.98853749186657,-3472.218864540186,11116.021456280167,5540.848129019046,8062.032167363719,8385.696730515372,12275.734178784955,13479.315548045352,9468.177802208289,13117.708611188385,9281.52635363013,11076.613015485358
1002.7855153203342,-6185.554153284077,-478.86342645235715,-3407.2903257362673,11063.283278732119,5522.1464153548895,8114.2553577789195,8397.109618412716,12263.405053462262,13476.855593191412,9464.75580352979,13106.121077541096,9361.47766637185,11153.72171657203
1012.8133704735376,-6221.784831042257,-469.6841895741677,-3341.976661578605,11010.689319046682,5506.855430423053,8166.828798590989,8407.768594001522,12250.928463896158,13474.468244075933,9461.196384687992,13094.518080049223,9440.649660426061,11229.637945150573
1022.8412256267409,-6257.312261687659,-460.4518643846328,-3276.2852544577836,10958.265602648069,5495.010585150561,8219.722229411136,8417.671710961911,12238.309608519492,13472.154618914397,9457.501000692695,13082.904830342522,9519.026430544089,11304.351745837997
1032.8690807799442,-6292.132429561807,-451.16749441164853,-3210.2235294605985,10906.03845613499,5486.63956781004,8272.905829371257,8426.817164355109,12225.55376076826,13469.915801964378,9453.67116381036,13071.286558520242,9596.592457332117,11377.853356750742
1042.8969359331477,-6326.24139894799,-441.83212906572214,-3143.798953530799,10854.03449925742,5481.762083587558,8326.350224736529,8435.203290193169,12212.666267485793,13467.75284296347,9449.708443136275,13059.668510884767,9673.332594439738,11450.133207926685
1052.924791086351,-6359.635314516121,-432.4468235213588,-3077.019034625111,10802.280636024105,5480.389666784499,8380.026495078157,8442.828565045578,12199.652547280877,13465.666756584085,9445.614464148122,13048.055947643308,9749.232056552855,11521.181919884177
1062.9526462395543,-6392.3104017585065,-423.0126385977933,-3009.8913208646,10750.804044894712,5482.52556994112,8433.906178115625,8449.691605681815,12186.51808883908,13463.658521905483,9441.390908240775,13036.454140578295,9824.276408138372,11590.990302307706
1072.9805013927576,-6424.262967416481,-413.5306406390877,-2942.423399681517,10699.632168010452,5488.164732443609,8487.961273333536,8455.791168749087,12173.268449186782,13461.72908190336,9437.039512242149,13024.868370687187,9898.451552891629,11659.54935285057
1083.0083565459609,-6455.489399897846,-404.0019013936016,-2874.622896961691,10648.792699416894,5497.2938293440375,8542.164244473763,8461.12615048445,12159.90925190711,13459.879342957456,9432.562067909947,13013.303925792494,9971.743723840966,11726.8502560457
1093.0362116991644,-6485.986169685095,-394.42749789285307,-2806.4974761825756,10598.31357223305,5509.891399259696,8596.488020998968,8465.695586460746,12146.44618530741,13458.110174377416,9427.96042140913,13001.766098122784,10044.139474066922,11792.884382316453
1103.0640668523677,-6515.749829734351,-384.8085123297828,-2738.054837547055,10548.22294472135,5525.928048402714,8650.905998618751,8469.4986513657,12132.885000537488,13456.42240794738,9423.236472769975,12990.260181865613,10115.625667996388,11857.643287079765
1113.091922005571,-6544.777015864988,-375.14603193643217,-2669.3027171130766,10498.54918521412,5545.366726097724,8705.392038964928,8472.534658813709,12119.231509658233,13454.8168374895,9418.392175326444,12978.791470693302,10186.189473234861,11921.118709934572
1123.1197771587742,-6573.064447139879,-365.4411488610549,-2600.248885919258,10449.320855853526,5568.163065641317,8759.92046849751,8474.8030611899,12105.491583660038,13453.294218446801,9413.42953513485,12967.365255262557,10255.81835290229,11983.302573929026
1133.1476323119778,-6600.608926236246,-355.69496004467175,-2530.9011491065257,10400.56669510366,5594.265783097422,8814.466076718212,8476.30344952609,12091.671150430591,13451.855267485644,9408.350610372501,12955.986820689039,10324.500058440479,12044.18698490043
1143.175487465181,-6627.407339807046,-345.908567097083,-2461.267345035898,10352.315598995698,5623.617125647054,8869.004113763565,8477.035553408368,12077.776192671556,13450.500662118091,9403.157510716204,12944.661443997966,10392.222622862066,12103.764230882221
1153.2033426183843,-6653.456658832876,-336.0830761723541,-2391.3553444025215,10304.596601069687,5656.15336044296,8923.510287445033,8476.999240916088,12063.812745763802,13449.231040344464,9397.852396700493,12933.394391551996,10458.974354413165,12162.026781572855
1163.2311977715876,-6678.753938964345,-326.2195978437871,-2321.1730493460427,10257.438850979806,5691.805294565221,8977.96075979907,8476.194518592136,12049.786895580784,13448.047000316328,9392.437479055323,12922.190916457583,10524.743830623607,12218.967287861637
1173.2590529247911,-6703.296320854865,-316.31924697839224,-2250.728392557432,10210.87159173357,5730.498816623573,9032.332143205573,8474.62153144441,12035.704776249793,13446.949100020192,9386.915018023119,12911.056255951233,10589.519892720456,12274.57858140706
1183.2869080779944,-6727.081030483851,-306.383142610877,-2180.0293363823644,10164.924135539883,5772.155450781946,9086.60149612915,8472.280562978503,12021.572567860818,13445.93785698214,9381.287322655016,12899.995628766912,10653.291640382056,12328.853674263408
1193.3147632311977,-6750.105379470261,-296.4124078171583,-2109.0838719212156,10119.625838245656,5816.692914455984,9140.746318533387,8469.172035261663,12007.396494122773,13445.013747993606,9375.556750086052,12889.014232486197,10716.048426811449,12381.785758551716
1203.342618384401,-6772.366765376471,-286.4081695874243,-2037.9000181258482,10075.006072346272,5864.0256716119675,9194.744547014581,8465.29650901819,11993.182819967025,13444.177208858498,9369.725704789222,12878.117240872556,10777.779854109302,12433.368206171423
1213.3704735376043,-6793.8626720024195,-276.3715586987497,-1966.485820893221,10031.094198561283,5914.065474428921,9248.574549697647,8460.65468375649,11978.937849098003,13443.428634161908,9363.796637808193,12867.309801191474,10838.47576892783,12483.594568549366
1223.3983286908078,-6814.59066967002,-266.3037095872839,-1894.8493521559644,9987.919535973564,5966.7218870262495,9302.215120933495,8455.247397928037,11964.667921491002,13442.768377060505,9357.77204596853,12856.597031517933,10898.126258388438,12532.458576422912
1233.4261838440111,-6834.54841549778,-256.2057602200279,-1822.998708970022,9945.511330737478,6021.902785960421,9355.645475833799,8449.075629118664,11950.379410837104,13442.19674909481,9351.654471067306,12845.984018033081,10956.721646246837,12579.954139654272
1243.4540389972144,-6853.733653665628,-246.07885196620737,-1750.942012599425,9903.89872336971,6079.514833213653,9408.845244676077,8442.140494272566,11936.07872193537,13441.714020023526,9345.446499040865,12835.475812311755,11014.252489290566,12626.075347073283
1253.4818941504177,-6872.144215669871,-235.9241294682656,-1678.6874075983562,9863.110714645056,6139.4639183978215,9461.794467208962,8434.443249949543,11921.77228803246,13441.320417679983,9339.150759110715,12825.077428602754,11070.709573954682,12670.81646634605
1263.5097493036212,-6889.77802056832,-225.74274051248406,-1606.2430608905713,9823.17613012872,6201.655567848108,9514.473586884926,8425.985292616098,11907.46656810997,13441.016127850844,9332.769922907337,12814.793841103748,11126.083913142436,12714.171943867059
1273.5376044568245,-6906.633075215482,-215.53583589924992,-1533.6171608463012,9784.123583386492,6265.995319159066,9566.863445045086,8416.768158970996,11893.16804411979,13440.801294177156,9326.3067035718,12804.629981232756,11180.366743238445,12756.136404672541
1283.5654596100278,-6922.707474487852,-205.3045693129788,-1460.8179163567065,9745.981437924427,6332.38906050499,9618.94527507837,8406.793526306052,11878.883218167846,13440.676018077855,9319.76385483505,12794.59073489821,11233.549521302826,12796.704652372979
1293.593314763231,-6937.999401499253,-195.05009719171576,-1387.8535559060385,9708.777767920543,6400.743334776196,9670.700696575077,8396.063212902995,11864.618609646863,13440.6403586957,9313.144170074858,12784.680939769683,11285.623922435358,12835.871669102831
1303.6211699164344,-6952.507127806187,-184.77357859642294,-1314.7323266415735,9672.54031782211,6470.965609148495,9722.111709492834,8384.579178467246,11850.380752318575,13440.694332865767,9306.45048135014,12774.905382551387,11336.581837299453,12873.632615485589
1313.649025069638,-6966.22901360321,-174.47617507997097,-1241.4624934414385,9637.296460893675,6542.964511185588,9773.160688350994,8372.343524599657,11836.17619134622,13440.83791510648,9299.68565841281,12765.268796260634,11386.415369796468,12909.982830612591
1323.6768802228412,-6979.163507908277,-164.1590505558488,-1168.0523379804322,9603.073156812574,6616.650032956571,9823.830376467831,8359.358495307231,11822.01148027794,13441.071037633174,9292.852607696817,12755.775857513447,11435.11683488131,12944.917832033849
1333.7047353760445,-6991.309148738046,-153.8233711666081,-1094.5101577939581,9569.896908420553,6691.933704940612,9874.103880253135,8345.626477554018,11807.893177982138,13441.393590394242,9285.954271284589,12746.431183819632,11482.678756510977,12978.433315759543
1343.7325905292478,-7002.664563273129,-143.47030515205196,-1020.8442653401406,9537.793717751892,6768.728741696657,9923.96466356746,8331.150001853393,11793.827845535581,13441.805421129757,9278.993625850571,12737.239330889606,11529.093865718187,13010.525156270736
1353.7604456824513,-7013.22846801326,-133.10102271719092,-947.0629870602797,9506.7890414701,6846.950161407384,9973.39654215776,8315.931742903103,11779.822043065515,13442.30633545258,9271.973681582018,12728.20478995533,11574.355098802644,13041.189406538026
1363.7883008356546,-7022.999668922369,-122.71669589997408,-873.1746624377128,9476.907745856643,6926.5148814743025,10022.383678177936,8299.974520264477,11765.882326546849,13442.896096951883,9264.897481076921,12719.331985107752,11618.455595633091,13070.422298046951
1373.8161559888579,-7031.9770615635425,-112.31849843881434,-799.1876430552043,9448.174061506214,7007.341792354654,10070.910574801717,8283.281299087355,11752.015244555776,13443.574427318976,9257.768098219103,12710.625270653198,11661.388698053575,13098.22024082902
1383.8440111420612,-7040.159631223862,-101.90760563992062,-725.1102916509681,9420.611537893368,7089.351811800825,10118.962070934107,8265.855190882352,11738.227334981237,13444.341006495419,9250.588637030483,12702.088928491165,11703.147948387892,13124.579823497343
1393.8718662952645,-7047.546453029092,-91.48519424445334,-650.950981173428,9394.242997985193,7172.467921598236,10166.523336026783,8247.699454342219,11724.525121695711,13445.1954728432,9243.36223050054,12693.72716551599,11743.727088036427,13149.497813285872
1403.899721448468,-7054.136692048218,-81.05244229551727,-576.7180938348233,9369.090493083408,7256.615188806442,10213.579865001893,8228.81749621414,11710.915111187069,13446.137423336928,9236.092039393083,12685.54411104495,11783.120056160089,13172.971156091386
1413.9275766016713,-7059.929603387825,-70.61052900500916,-502.4200201637806,9345.175258087149,7341.720773397648,10260.117473287914,8209.212872224902,11697.403789153126,13447.166413777912,9228.78125103029,12677.543814275301,11821.320988446229,13194.99697651734
1423.9554317548746,-7064.924532276286,-60.16063462032904,-428.0651580569149,9322.517667374264,7427.713924063348,10306.122291970498,8188.8892880610565,11683.997617060932,13448.281959029846,9221.433078054231,12669.730241772784,11858.32421595185,13215.5725779189
1433.9832869080778,-7069.120914137774,-49.70394029097899,-353.66191182963087,9301.13719150423,7514.525963828511,10351.58076306063,8167.850600406232,11670.703028672619,13449.483533276089,9214.050757165896,12662.107274994241,11894.124264019702,13234.695442448325
1444.0111420612814,-7072.518274656074,-39.241627935056954,-279.21869126617696,9281.052354949594,7602.090266977923,10396.479634881747,8146.100818037948,11657.52642654011,13450.770570298222,9206.637547841936,12654.678707846806,11928.715851262989,13252.363231100198
1454.0389972144847,-7075.116229828196,-28.77488010566668,-204.74391066910272,9262.280695065027,7690.342228664759,10440.805957577006,8123.64410298635,11644.474178470817,13452.142463775694,9199.196731029231,12647.448244286341,11962.093888614922,13268.573783755754
1464.066852367688,-7076.9144860077795,-18.30487985725127,-130.2459879081725,9244.838722503535,7779.219228439402,10484.547078737432,8100.484771757496,11631.552613966724,13453.598567606392,9191.73160781751,12640.419495957614,11994.253478439356,13283.325119225869
1474.0947075208912,-7077.9128399382835,-7.8328106118745575,-55.73334346890816,9228.741883288028,7868.660588809441,10527.690639151162,8076.627296623864,11618.768020639389,13455.138196247857,9184.2454980902,12633.595979878843,12025.189913699096,13296.61543529217
1484.1225626740948,-7078.111178775959,2.640143974541747,18.785600499183296,9214.004522743327,7958.607529821047,10570.224568673715,8052.076306984991,11606.126640603426,13456.76062507885,9176.741739153782,12626.981116173094,12054.898677178699,13308.443108745818
1494.150417827298,-7077.509480102608,13.112800146004698,93.30242113455097,9200.639851488342,8049.003120538265,10612.137082218836,8026.836590801275,11593.634666851225,13458.4650907811,9169.223684345894,12620.578225849149,12083.375440758655,13318.80669542356
1504.1782729805013,-7076.107811928111,23.583974180252447,167.80869581565315,9188.659913681313,8139.792228191466,10653.416675869197,8000.913096104041,11581.29823961175,13460.250791740858,9161.694701622515,12614.390528634269,12110.616064738273,13327.704930240694
1514.2061281337046,-7073.906332682746,34.05248252254838,242.2960031129522,9178.075557701826,8230.92146566852,10694.052123105972,7974.310932585318,11569.123442696437,13462.116888470024,9154.158172124487,12608.421140861394,12136.616597204471,13335.136727220639
1524.233983286908,-7070.905291199279,44.517141919458524,316.7559237407901,9168.896409442414,8322.339137933643,10734.032471156004,7947.035373270737,11557.116299835176,13464.062504046504,9146.617488723836,12602.67307341324,12161.373273444122,13341.101179520805
1534.2618384401114,-7067.105026684836,54.97676955259445,391.18004150901874,9161.130848369852,8413.995187877712,10773.347037455258,7919.091856279288,11545.282771005723,13466.0867245735,9139.076054550176,12597.149229725639,12184.88251539759,13345.597559454576
1544.2896935933147,-7062.505968682567,65.43018317230697,465.5599442742799,9154.785986501758,8505.841142031071,10811.985406226902,7890.485986673772,11533.628748759691,13468.188599657391,9131.537281497684,12591.8524038526,12207.14093115132,13348.625318509181
1554.317548746518,-7057.1086370230905,75.87620123131565,539.887224890829,9149.867650427947,8597.830056504326,10849.937425172295,7861.223538406008,11522.160054548696,13470.367142903833,9124.004588713085,12586.785278595284,12228.145314467476,13350.184087359281
1564.3454038997213,-7050.91364176574,86.31364301825877,614.1534821607919,9146.380366488513,8689.91646346435,10887.1932022731,7831.310456361039,11510.882435054042,13472.621332431807,9116.481401065126,12581.950423697304,12247.892644348802,13350.2736758762
1574.3732590529248,-7043.921683129608,96.74132879114947,688.350321783755,9144.327349201798,8782.056318400872,10923.743102702501,7800.752858504759,11499.801558523679,13474.95011140512,9108.971147596052,12577.35029410843,12266.380084636889,13348.894073132706
1584.401114206128,-7036.133551414399,107.15807991071982,762.4693573055578,9143.710493015391,8874.20694839335,10959.577745843546,7769.557038139666,11488.923011120056,13477.352388581103,9101.477259955678,12572.987228318929,12283.604983642354,13346.045447403263
1594.4289693593314,-7027.550126911109,117.56271897364498,836.5022110662314,9144.53036743271,8966.327001547772,10994.68800241252,7737.729466273541,11478.252293282761,13479.827038876034,9094.003170818605,12568.863446766609,12299.564873805386,13341.728146159836
1604.4568245125347,-7018.172379802515,127.95406994562303,910.4405151469119,9146.786215546217,9058.37639773781,11029.064991685176,7705.27679410621,11467.794816109728,13482.37290394696,9086.552312285226,12564.981050318507,12314.25747138531,13335.942696063183
1614.484679665738,-7008.001370053523,138.33095829430238,984.2759123156665,9150.47595598669,9150.316280754438,11062.700078823704,7672.205855639666,11457.555897761089,13484.988792789425,9079.1281142672,12561.342018829238,12327.680676177926,13328.689802949792
1624.5125348189415,-6997.038247291361,148.69221112203925,1058.0000569721133,9155.59618827606,9242.108971941716,11095.58487230218,7638.523670417131,11447.540759889604,13487.673482350772,9071.734002858107,12557.948209777764,12339.832571259501,13319.970351814522
1634.5403899721448,-6985.284250675633,159.0366572984685,1131.604616090711,9162.142201549657,9333.717925373632,11127.711221428319,7604.237446396864,11437.754524101829,13490.42571815855,9064.373398689937,12554.8013569844,12350.711422756334,13309.78540678912
1644.568245125348,-6972.74070875826,169.3631275928787,1205.0812701626573,9170.107986592446,9425.107684607727,11159.071213959307,7569.354582966735,11428.202208454148,13493.244214963606,9057.049715276306,12551.903069409647,12360.315679639018,13298.136211116824
1654.5961002785514,-6959.409039333309,179.6704548063685,1278.4217141362296,9179.486251113125,9516.243841034588,11189.65717380952,7533.882674105943,11418.888723987855,13496.12765739743,9049.766357343158,12549.254830036518,12368.643973540506,13285.024187123201
1664.623955431755,-6945.290749276749,189.95747390377554,1351.6176583555077,9190.268438160247,9607.092993828344,11219.461658847898,7497.829511700371,11409.818871307561,13499.0747006433,9042.526719147785,12546.857994837685,12375.695118597288,13270.450936183599
1674.6518105849582,-6930.387434376122,200.22302214535844,1424.6608294973412,9202.444747565856,9697.622711491824,11248.477458782832,7461.203089018496,11400.997337207134,13502.083971120781,9035.334182787097,12544.713791828946,12381.468111312992,13254.418238687462
1684.6796657381615,-6914.700779150172,210.46593921822395,1497.5429715065009,9216.004160284792,9787.801494980216,11276.697593132436,7424.011604354906,11392.428691347524,13505.154067183115,9028.192116496028,12542.823320210171,12385.96213044388,13236.928053999829
1694.7075208913648,-6898.232556658446,220.68506736747477,1570.2558465288444,9230.934465481861,9877.59874237903,11304.115309278042,7386.263464848879,11384.117382990746,13508.283559827072,9021.103872937123,12541.187549594872,12389.176536905754,13217.982520420519
1704.7353760445683,-6880.984628300886,230.87925152707098,1642.791235842444,9247.222290204962,9966.984715106077,11330.724080598899,7347.967290485661,11376.067737794272,13511.470993414734,9014.07278748217,12539.807319329495,12391.110873701897,13197.583955141334
1714.7632311977716,-6862.958943607433,241.0473394503869,1715.1409407865467,9264.853131469616,10055.930505601476,11356.517604685996,7309.131918288414,11368.283954670249,13514.714886406815,9007.10217648711,12538.683337903261,12391.764865871748,13175.734854201835
1724.7910863509749,-6844.157540017674,251.18818184044926,1787.296783688267,9283.811390569781,10144.408006466307,11381.489801633084,7269.766406709101,11360.77010271366,13518.01373210698,9000.195335561071,12537.8161824494,12391.1384204601,13152.437892444246
1734.8189415041782,-6824.582542650552,261.300632479842,1859.250608786907,9304.080409421049,10232.389881006806,11405.6348124029,7229.880040226783,11353.530118203837,13521.365999416743,8993.355537830901,12537.206298338411,12389.231626506722,13127.695923468009
1744.8467966573814,-6804.2361640641575,271.38354836026326,1930.9942831558033,9325.642508735533,10319.84953513939,11428.946997266754,7189.482334162218,11346.567801683366,13524.770133600407,8986.586032202085,12536.853998863968,12386.04475505629,13101.511979584704
1754.874651810585,-6783.120704005651,281.4357898117193,2002.5196976215893,9348.479027822825,10406.761090609685,11451.420934315644,7148.583039717753,11339.886815118709,13528.224557059619,8979.890041617467,12536.75946502176,12381.578259188771,13073.889271773982
1764.9025069637883,-6761.2385491513205,291.45622063133993,2073.818767680764,9372.570365808586,10493.099359478208,11473.05141804111,7107.192149251975,11333.490679146478,13531.727670117034,8973.270761314816,12536.922745381751,12375.832774070279,13044.831189641345
1774.9303621169915,-6738.592172836816,301.4437082118057,2144.883434413498,9397.896024061096,10578.839819824703,11493.83345798415,7065.319901798594,11327.382770409535,13535.277851808569,8966.731357084596,12537.343756053857,12368.809117024708,13014.341301378494
1784.9582172701948,-6715.184134777584,311.3971236693645,2215.705665394523,9424.434649616927,10663.95859262304,11513.762277450505,7022.976788839561,11321.566318986692,13538.873460683837,8960.274963529195,12538.022280747178,12360.50828762635,12982.423353727225
1794.9860724233984,-6691.017080779555,321.3153419714298,2286.2774556010354,9452.164079399272,10748.432419739082,11532.833312290775,6980.173560342385,11316.04440592006,13542.512835614216,8953.9046823249,12538.957970922715,12350.931467813956,12949.081271947776
1805.0139275766016,-6666.093742440076,331.1972420637418,2356.5908283174977,9481.061385026464,10832.238643004357,11551.042209743782,6936.92123107201,11310.819960843553,13546.194296608084,8947.623580488,12540.1503460393,12340.080022026628,12914.31915979269
1815.041782729805,-6640.416936839167,341.0417069970817,2426.6378360372573,9511.102918013754,10915.355184319256,11568.384827341768,6893.231087187664,11305.895759716384,13549.916145632751,8941.434688646386,12541.59879389248,12327.955497362185,12878.14129948725
1825.0696378830082,-6613.989566221099,350.8476240535189,2496.410561360842,9542.264355178066,10997.760526740465,11584.857231876,6849.114693135303,11301.274422664923,13553.67666744258,8935.34099931802,12543.302571045826,12314.55962375857,12840.552151717759
1835.0974930362115,-6586.814617666367,360.61388487218204,2565.901117890865,9574.520744063564,11079.433696508559,11600.455698421465,6804.583898846368,11296.958411936328,13557.474130412838,8929.345465197723,12545.260803354162,12299.89431419908,12801.556355628836
1845.125348189415,-6558.895162754045,370.3393855745364,2635.1016511234234,9607.84654821469,11160.354245972754,11615.17670941936,6759.650847253572,11292.95002996715,13561.306787378777,8923.450997453758,12547.47248657793,12283.96166494225,12761.158728831198
1855.1532033426183,-6530.234357214619,380.0230268891545,2704.004339335886,9642.21569213325,11240.502237371455,11629.016953816223,6714.327982134507,11289.251417569993,13565.17287647949,8917.660464035573,12549.936487087947,12266.763955777315,12719.364267421335
1865.1810584958216,-6500.835440573288,389.6637142759681,2772.601394470991,9677.601605766582,11319.858227428349,11641.973326258503,6668.628056293714,11285.864552241095,13569.070622006044,8911.976687994342,12552.65154265955,12248.30365030627,12676.178146014643
1875.208913649025,-6470.701735783804,399.2603580499825,2840.88506301712,9713.97726838494,11398.403252725418,11654.042926341568,6622.564140093796,11282.791246591583,13572.998235253426,8906.40244581769,12555.616263355092,12228.583396253705,12631.605717793758
1885.2367688022284,-6439.836648852878,408.8118735044441,2908.847626884681,9751.315251717659,11476.118815815633,11665.223057912075,6576.149630345792,11280.033146904922,13576.953915375852,8900.94046578018,12558.829132493642,12207.606025805608,12585.65251457385
1895.2646239554317,-6408.2436684552,418.31718103344423,2976.481404278479,9789.587762229325,11552.986872039563,11675.511228422822,6529.39825956884,11277.591731822906,13580.93585024493,8895.593426311088,12562.288507706564,12185.374555978546,12538.324246886814
1905.292479108635,-6375.926365539117,427.7752062539469,3043.778750565991,9828.766682429117,11628.989817011641,11684.90514833918,6482.324105628526,11275.468311162374,13584.94221731027,8890.363954381008,12565.992622077641,12161.892189020666,12489.626804086434
1915.3203342618383,-6342.888392923004,437.1848801272262,3110.732059141432,9868.82361111806,11704.11047474319,11693.402730596295,6434.941601762847,11273.664024864536,13588.971184462041,8885.254623908846,12569.939585366174,12137.162312846107,12439.566254476771
1925.3481894150418,-6309.133484882393,446.54513907969977,3177.333762285538,9909.729902490857,11778.332086370834,11701.002090106327,6387.265547003873,11272.179842078704,13593.020910895048,8880.267954190755,12574.127385311578,12111.188501504594,12388.148845466083
1935.376044568245,-6274.665456727885,455.854925123143,3243.576332020929,9951.456704020175,11851.638299460245,11707.70154331505,6339.311117002275,11271.01656038193,13597.089547973852,8875.406408352595,12578.553889017667,12083.974515688018,12335.381003748911
1945.4038997214484,-6239.488204373906,465.1131859742752,3309.4522809630103,9993.974993062544,11924.013157856554,11713.499607807196,6291.093875260733,11270.174805135826,13601.17524009855,8870.672391827422,12583.21684441497,12055.52430327604,12281.269335518966
1955.4317548746517,-6203.605703898356,474.3188751736978,3374.9541631662614,10037.255612135656,11995.44109205412,11718.395001960003,6242.6297847808655,11269.655028981679,13605.276125570685,8866.06825085968,12588.113881799087,12025.841999922854,12225.820626715826
1965.459610027855,-6167.022011093187,483.4709522041754,3440.0745749658495,10081.269302827106,12065.906910059517,11722.386644644488,6193.935220126668,11269.457511474664,13609.39033745898,8861.596271037484,12593.242515443288,11994.931929687387,12169.041843308542
1975.4874651810585,-6129.741261005983,492.56838260824617,3504.8061558144723,10125.98673830443,12135.395788723083,11725.47365497402,6145.026979905509,11269.582358857811,13613.51600446432,8857.258675854762,12598.60014528317,11962.798605709466,12110.940131619525
1985.5153203342618,-6091.76766747258,501.61013810514436,3569.141589114303,10171.378554405337,12203.893265515153,11727.655352099848,6095.922299665487,11270.029503976068,13617.651251783713,8853.057625304526,12604.184058671424,11929.4467309345,12051.522818692347
1995.543175487465,-6053.105522640765,510.5951967070292,3633.0736030440016,10217.415379295731,12271.38523072478,11728.931255053314,6046.638865205247,11270.798706330612,13621.794201972694,8848.995214505043,12609.991432200452,11894.881198889574,11990.79741270727
2005.5710306406684,-6013.759196485148,519.5225428344984,3696.59497138064,10264.067861690972,12337.857920059369,11729.301082634507,5997.19482628942,11271.88955227334,13625.942975805865,8845.073472360247,12616.01933359063,11859.107094513925,11928.771603448795
2015.598885793872,-5973.733136313213,528.3911674313796,3759.6985143164807,10311.306697643196,12403.297907624994,11728.764753347206,5947.608810759178,11273.301455341192,13630.095693135072,8841.294360255946,12622.264723641963,11822.129695047031,11865.453262829575
2025.6267409470752,-5933.031866262655,537.2000680787825,3822.3770992705017,10359.102655904228,12467.692099268132,11727.32238538004,5897.899939023519,11275.033656729735,13634.250473744934,8837.659770793276,12628.724458246761,11783.954470977722,11800.850445475606
2035.6545961002785,-5891.65998679,545.948249108404,3884.6236416946067,10407.42660187957,12531.027726260401,11724.97429663381,5848.087838912183,11277.085225905274,13638.405438205244,8834.171526560775,12635.395290460954,11744.587087058004,11734.971389377832
2045.6824512534818,-5849.62217415063,554.6347217150669,3946.4311058743765,10456.249520194526,12593.29233930903,11721.72100479506,5798.192660865961,11279.455061354349,13642.558708719906,8830.831378946656,12642.273872631662,11704.033403385482,11667.824516615734
2055.710306406685,-5806.923179870217,563.2585040684855,4007.7925057243224,10505.5425358982,12654.473802876393,11717.563227455912,5748.23509343422,11282.141891469559,13646.708409972052,8827.641006992355,12649.356758578484,11662.29947655851,11599.418434158966
2065.7381615598883,-5763.567830207668,571.8186214242404,4068.700905577516,10555.276934335396,12714.56028979313,11712.50188228045,5698.236379042798,11285.14427557,13650.852669964937,8824.60201628907,12656.640405826107,11619.391560908569,11529.761934753433
2075.7660167130916,-5719.561025609607,580.3141062339546,4129.149420969532,10605.424179720187,12773.540276149786,11706.53808721777,5648.218329987952,11288.460605054892,13654.98962085828,8821.715937918187,12664.12117788563,11575.316109814521,11458.863997898849
2085.7938718662954,-5674.907740156478,588.7439982546553,4189.131219416594,10655.955932447849,12831.402536453088,11699.673160762077,5598.2033446036885,11292.089104688232,13659.117399799668,8818.984227437228,12671.795346582096,11530.079777103832,11386.733790925282
2095.8217270194987,-5629.613021000338,597.1073446573089,4248.639521187846,10706.844065184714,12888.13613903329,11691.908622260155,5548.214423540443,11296.027834012599,13663.234149750777,8816.408263912213,12679.659094425702,11483.689418546106,11313.380670176835
2105.849582172702,-5583.68198779436,605.4032001345205,4307.6676000716725,10758.060677777426,12943.730441690084,11683.246192266626,5498.27518608265,11300.274688889693,13667.338020307896,8813.989348997851,12687.708517024095,11436.152093444589,11238.814182311218
2115.8774373259052,-5537.119832114173,613.6306270073813,4366.208784135957,10809.578111024952,12998.175087564981,11673.687792947538,5448.409886421405,11304.827403165038,13671.427168516648,8811.728706066537,12695.939625533156,11387.475066331868,11163.04406572473
2125.9052924791085,-5489.931816871051,621.788695331454,4424.256456482205,10861.368959357795,13051.460001228788,11663.235548532766,5398.643429785541,11309.683550454365,13675.499759680391,8809.627479387218,12704.348349143764,11337.665808776119,11086.080252112952
2135.933147632312,-5442.123275717055,629.8764830018843,4481.804055993457,10913.406082469977,13103.575384973401,11651.891785817932,5349.0013883207375,11314.840546048617,13679.553968162125,8807.686733355262,12712.930537601895,11286.73200130487,11007.932868178214
2145.961002785515,-5393.699612442164,637.8930758576262,4538.845078075885,10965.662615949717,13154.511715297715,11639.659034716462,5299.5100165908525,11320.295648934707,13683.587978179521,8805.90745177412,12721.681963759578,11234.6815354537,10928.61223749596
2155.9888579387184,-5344.666300363493,645.83756778477,4595.373075394011,11018.111980955127,13204.259739577989,11626.540028862573,5250.196266559302,11326.045963928711,13687.599984592818,8804.290537189801,12730.59832615408,11181.522515947678,10848.12888255305
2166.0167130919217,-5295.028881706638,653.7090608189598,4651.381658599442,11070.727892981098,13252.810472913421,11612.537706266012,5201.087801890163,11332.088443918303,13691.588193685286,8802.836810278919,12739.675251612856,11127.263263023928,10766.493526972157
2176.0445682451254,-5244.792966979242,661.5066652468893,4706.86449705306,11123.484369763348,13300.155195138314,11597.655210019382,5152.213011389506,11338.419892210815,13695.55082393595,8801.547009291162,12748.90829788168,11071.912314904315,10683.717097937759
2186.0724233983287,-5193.964234336845,669.2294997068675,4761.815319540576,11176.355738365057,13346.285447992645,11581.895889059106,5103.60102138655,11345.036964983485,13699.486106784369,8800.421789546732,12758.292956273586,11015.478430427747,10599.810728840363
2196.100278551532,-5142.548428941075,676.876691288438,4816.227914981354,11229.316641490774,13391.193032443183,11565.263298980917,5055.281706832318,11351.936173832019,13703.392287387107,8799.461722989605,12767.82465433603,10957.970591852276,10514.785762157224
2206.1281337047353,-5090.55136231028,684.4473756310441,4870.096133130462,11282.342043071534,13434.870006147836,11547.761202911093,5007.285700870018,11359.113888413756,13707.267625365743,8798.667297797008,12777.498758533962,10899.39800783789,10428.653752589416
2216.1559888579386,-5037.978911662645,691.9406970217278,4923.413885273826,11335.407233163914,13477.30868105625,11529.39357243445,4959.644402606942,11366.566339181494,13711.11039554607,8798.03891804567,12787.310576946376,10839.770116621603,10341.426470476801
2226.183844011142,-4984.837019251906,699.3558084918485,4976.175144916428,11388.487832204815,13518.501621140107,11510.16458858043,4912.389982792249,11374.289620203901,13714.91888868832,8797.576903435312,12797.255361973957,10779.096589397182,10253.115905514533
2236.211699164345,-4931.131691695686,706.6918719128194,5028.373948463493,11441.559794662393,13558.44164024683,11490.0786428685,4865.555387078776,11382.279692068558,13718.691412208134,8797.281489069639,12807.328313055623,10717.38733391282,10163.734270796725
2246.2395543175485,-4876.8689992965665,713.9480580908383,5080.0043958945525,11494.599412122321,13597.121800070852,11469.140338414203,4819.174336520592,11390.532384863365,13722.426290888063,8797.15282529525,12817.52457939159,10654.652498300838,10073.294007215458
2256.2674094707518,-4822.055075355973,721.123546860612,5131.060651430308,11547.583315847034,13634.535408236865,11447.35449109729,4773.281324931281,11399.0434012322,13726.121867579355,8797.190977598479,12827.839262670823,10590.902475154566,9981.807788245807
2266.2952646239555,-4766.696115480919,728.21752717806,5181.536944192267,11600.488478844502,13670.676016489806,11424.726130793422,4727.911612702072,11407.808319500557,13729.776503893876,8797.395926560546,12838.267419800692,10526.147905868564,9889.28852515053
2276.323119777159,-4710.7983768837275,735.229197211985,5231.427568855006,11653.292217481145,13705.537418986596,11401.260502670952,4683.101216653731,11416.822596866883,13733.388580885865,8797.767567870827,12848.804065636734,10460.399685259457,9795.749372641241
2286.350974930362,-4654.368177674773,742.1577644347058,5280.726886291057,11705.972192672478,13739.113650684947,11376.963068554378,4638.886895473133,11426.081572655372,13736.956499723428,8798.30571239842,12859.44417571045,10393.668966485879,9701.203735036459
2296.3788300835654,-4597.411896148342,749.0024457116352,5329.42932420829,11758.506410683285,13771.398985824875,11351.839508356194,4595.30613026471,11435.580471625857,13740.478682349454,8799.010086321796,12870.182688953157,10325.967166287328,9605.665272960869
2306.4066852367687,-4539.935970061709,755.7624673897981,5377.5293777797515,11810.873223567714,13802.38793649865,11325.895721578769,4552.3970997300585,11445.314407336537,13743.953572131913,8799.880331316428,12881.01451041396,10257.305970563091,9509.147910634529
2316.434540389972,-4481.946895907467,762.4370653852767,5425.021610265867,11863.051329278282,13832.075251305369,11299.137828888106,4510.198649476534,11455.278385555232,13747.379634503195,8800.916004800136,12891.93451396997,10187.69734031394,9411.665843805524
2326.4623955431753,-4423.451228179232,769.0254852695759,5471.900653628964,11915.019771471134,13860.455914086406,11271.572173761288,4468.750254949181,11465.467307714905,13750.755357588469,8802.11658023582,12902.937545026927,10117.153517970888,9313.23354838512
2336.4902506963786,-4364.455578630799,775.5269823548948,5518.161209140011,11966.757939033705,13887.525142738265,11243.205324209508,4428.091977480915,11475.875974409199,13754.079252822754,8803.481447491236,12914.018423208498,10045.687034137009,9213.865789850344
2346.5181058495823,-4304.966615528798,781.9408217783005,5563.798047977546,12018.24556535926,13913.278388099636,11214.04407457862,4388.264412964987,11486.499088923767,13757.349855556688,8805.00991325531,12925.171945032555,9973.310714770243,9113.577633485706
2356.5459610027856,-4244.991062899008,788.2662785847863,5608.806011818664,12069.462727391612,13937.711332909515,11184.095447429225,4349.30863267292,11497.331260799265,13760.565725650664,8806.701201510494,12936.392886572794,9900.037688837072,9012.384455543288
2366.573816155989,-4184.535699766315,794.5026378092169,5653.18001342209,12120.389844461908,13960.81989083363,11153.366695498282,4311.266115771687,11508.367009421903,13763.725448057376,8808.554454060493,12947.676006104157,9825.881396469069,8910.301955408628
2376.601671309192,-4123.607359388494,800.649194557139,5696.915037203171,12171.007676938014,13982.600205556397,11121.865303744402,4274.178673137531,11519.600767637414,13766.82763339246,8810.568731112862,12959.01604673049,9750.855597656795,8807.346168869415
2386.6295264623955,-4062.2129284838447,806.705254084455,5740.006139800792,12221.297324705927,14003.048649936005,11089.598991478857,4238.088362121749,11531.026885384637,13769.870918493201,8812.743011915505,12970.407738993114,9674.974381517835,8703.533482594241
2396.6573816155988,-4000.35934645279,812.6701318759506,5782.448450636121,12271.24022550127,14022.16182522026,11056.575714584516,4203.03739199741,11542.63963334461,13772.853966965144,8815.07619544649,12981.845803458815,9598.252176178547,8598.880649940533
2406.685236768802,-3938.053604593509,818.543153722665,5824.237172463135,12320.818153107894,14039.936560321037,11022.803667824852,4169.068019906223,11554.433206601538,13775.775469716436,8817.567101156179,12993.324953286043,9520.703759312037,8493.404808223902
2416.7130919220053,-3875.302745311722,824.323655798097,5865.367581910842,12370.013215439425,14056.369911145355,10988.291287245234,4136.222437232418,11566.401728311728,13778.634145479888,8820.214469760816,13004.83989676803,9442.344269377862,8387.12349759592
2426.7409470752086,-3812.113861324682,830.0109847332362,5905.835030017171,12418.807852518574,14071.45915998126,10953.047252668699,4104.542646455833,11578.539253377025,13781.42874132248,8823.016964086606,13016.385339851638,9363.189217612382,8280.054681693977
2436.7688022284124,-3748.4940948594863,835.6044976904151,5945.6349427544465,12467.184834367981,14085.201814936765,10917.080490288428,4074.0703286790895,11590.839772119016,13784.158033142385,8825.973169963152,13027.955988630894,9283.25450082235,8172.2167702456145
2446.7966573816157,-3684.45063684579,841.1035624359668,5984.762821546375,12515.12725882543,14097.595609430391,10880.400175359135,4044.84670218312,11603.297213950726,13786.820826153213,8829.081597165317,13039.546551814017,9202.556415038021,8063.6286438308225
2456.824512534819,-3619.990726103043,846.5075574116861,6023.214243776524,12562.618549295314,14108.638501731808,10843.015734989562,4016.912372539505,11615.90545104241,13789.415955355533,8832.340680402223,13051.15174316316,9121.111670086393,7954.309681029644
2466.8523676880222,-3555.1216485222253,851.8158718050882,6060.984863288234,12609.642452447431,14118.328674551416,10804.936851038246,3990.3071749949254,11628.658301978116,13791.942285995505,8835.74878035227,13062.766283905672,9038.937405149547,7844.279788209283
2476.8802228412255,-3489.8507362424098,857.0279056184419,6098.070410875814,12656.183035873226,14126.664534677637,10766.173463114721,3965.070010039503,11641.549535400129,13794.398714010471,8839.304184742956,13074.38490511629,8956.051205377948,7733.5594322355955
2486.908077994429,-3424.185366821917,862.143069736595,6134.466694767147,12702.224685709041,14133.64471266102,10726.735771688178,3941.2386732717864,11654.572873638006,13796.78416646158,8843.00510947416,13086.002350069177,8872.47111963352,7622.169676428039
2496.935933147632,-3358.1329624045247,867.1607859935541,6170.169601097428,12747.752104234884,14139.268062544174,10686.63424130564,3918.8496808756213,11667.721996319655,13799.097601953159,8846.849699783632,13097.613376559306,8788.21567944311,7510.132220116678
2506.9637883008354,-3291.7009888804773,872.0804872378403,6205.175094374199,12792.750307456918,14143.533661636906,10645.87960392159,3897.938092219751,11680.990543961347,13801.338011038933,8850.836031453318,13109.212759192269,8703.303919248512,7397.469442203933
2516.9916434540387,-3224.8969550426436,876.9016173965921,6239.4792179334545,12837.20462268083,14146.440810335851,10604.482862340807,3878.537331276219,11694.372121534336,13803.504416614893,8854.962112055067,13120.79529164205,8617.755398045801,7284.20444918459
2527.0194986072424,-3157.728411737797,881.6236315384181,6273.078094386873,12881.10068608293,14147.989031988143,10562.45529377619,3860.6790087192894,11707.860302005323,13805.59587429879,8859.22588223444,13132.35578887603,8531.590222513314,7170.361128134869
2537.0473537604457,-3090.202951013145,886.2459959349908,6305.967926060074,12924.424440285045,14148.17807279874,10519.808453523086,3844.3927467071203,11721.448629848544,13807.611472796207,8863.625217031044,13143.889089346794,8444.829071734817,7055.9642052469835
2547.075208913649,-3022.3282052581994,890.768188121374,6338.144995421867,12967.162131938934,14147.007901781148,10476.554178751468,3829.7060084563386,11735.130624527075,13809.550334253054,8868.15792723395,13155.390057150214,8357.493223632,6941.039310560127
2557.1030640668523,-2954.1118463420908,895.1896969550763,6369.605665504448,13009.300309325183,14144.478710751406,10432.704592417207,3816.6439347887335,11748.899783941306,13811.411614594577,8872.821760770814,13166.853584149316,8269.60458322861,6825.613049624281
2567.1309192200556,-2885.5615847464196,899.5100226738259,6400.346380314476,13050.82581997135,14140.590914365319,10388.27210729332,3805.22918985335,11762.749587842472,13813.19450385065,8877.614404128944,13178.274592063679,8181.185712877022,6709.713082930381
2577.158774373259,-2816.685168693735,903.7286769520588,6430.363665235021,13091.7258082935,14135.34515019905,10343.269430121925,3795.4818182029653,11776.673501209396,13814.898226467412,8882.533483807105,13189.648034523854,8092.259864587093,6593.368214051754
2587.186629526462,-2747.490383271769,907.8451829561134,6459.654127418284,13131.987713264905,14128.742278873266,10297.709565887237,3787.419115326499,11790.664977586608,13816.522041605192,8887.576567796192,13200.968899090663,8002.851014606773,6476.608487569085
2597.2144846796655,-2677.9850495534643,911.8590753981284,6488.214456169105,13171.599266115343,14120.783384221199,10251.60582220969,3781.0555136093026,11804.717462382181,13818.065243422578,8892.741167087514,13212.232209239002,7912.9839004136265,6359.465297996787
2607.2423398328688,-2608.1770237130086,915.7699005886312,6516.041423319145,13210.548488064034,14111.469773501112,10204.97181386079,3776.4024855100424,11818.824396123764,13819.527161346712,8898.024737206899,13223.43302630602,7822.684060287143,6241.971511095667
2617.2701949860725,-2538.0741961377753,919.5772164878227,6543.131883591805,13248.823688088958,14100.802977653693,10157.821467397955,3773.468465510987,11832.979217671304,13820.907160329665,8903.424679773212,13234.56645140343,7731.977875642029,6124.161599147499
2627.298050139276,-2467.6844905365615,923.2805927555369,6569.482774957694,13286.413460734944,14088.784751605117,10110.169025918072,3772.2587921213453,11847.175367385218,13822.204641090932,8908.938344079643,13245.627627293883,7640.892616314065,6006.071791986465
2637.325905292479,-2397.015863043907,926.8796107998843,6595.091118980759,13323.306683962686,14075.417074616667,10062.029053927965,3772.7756708988086,11861.406290248691,13823.419040345922,8914.563028696233,13256.611740231243,7549.456489000895,5887.740245832089
2647.3537604456824,-2326.0763013208443,930.3738638245652,6619.954021154923,13359.49251704059,14060.70215068175,10013.416442329359,3775.018159111012,11875.665438943122,13824.549831020506,8920.295983092077,13267.514021764748,7457.698689071714,5769.207232255567
2657.3816155988857,-2254.8738236520494,933.7629568748492,6644.068671231256,13394.960398481042,14044.64240897152,9964.346413515312,3778.9821722961146,11889.946276875593,13825.596522451513,8926.13440927564,13278.329750506975,7365.649455970675,5650.515349938055
2667.409470752089,-2183.416478039534,937.0465068822169,6667.432343535615,13429.700044022571,14027.240504330286,9914.83452657427,3784.660512611669,11904.242281157534,13826.558660573179,8932.075463451685,13289.054253865677,7273.340132449655,5531.709762253123
2677.4373259052923,-2111.7123412929855,940.2241427076582,6690.042397276724,13463.701444659091,14008.499317822056,9864.896682597147,3792.0429184935724,11918.546945533766,13827.435828089521,8938.116257693186,13299.682909739444,7180.803227876193,5412.83846413016
2687.4651810584955,-2039.769518116842,943.2955051836225,6711.896276844667,13496.954864717287,13988.421957329729,9814.549130081945,3801.116134795242,11932.853783261222,13828.227644632598,8944.2538616269,13310.211148177268,7088.072485871452,5293.952582137369
2697.493036211699,-1967.5961401942238,946.2602471546147,6732.991512099747,13529.45083998299,13967.011758208615,9763.808470429358,3811.864002249063,11947.156329936714,13828.933766906659,8950.485304130812,13320.634453002165,6995.182956540754,5175.106712266821
2707.5208913649026,-1895.2003652678015,949.1180335164343,6753.32571865168,13561.180175877273,13944.272283996019,9712.691663521868,3824.26756479992,11961.448146273247,13829.553888818122,8956.80757504232,13330.948363398822,6902.1710735648985,5056.35930051459
2717.548746518106,-1822.5903762177543,951.8685412540519,6772.8965981291085,13592.133945682828,13920.207327178894,9661.21603337752,3838.3051931091336,11975.722820824469,13830.087741591398,8963.217626875346,13341.148475465554,6809.074736423464,4937.773072029175
2727.576601671309,-1749.7743801368217,954.5114594781207,6791.701938439384,13622.30348882109,13894.820910021637,9609.399273868376,3853.9527223244045,11989.973972656813,13830.535093870532,8969.712376545223,13351.2304437306,6715.933398020642,4819.4155153507445
2737.6044568245125,-1676.760607402684,957.0464894601147,6809.739614018601,13651.680409180415,13868.11728545632,9557.259454492189,3871.18360205966,12004.19525396923,13830.89575180666,8976.28870709978,13361.189982632986,6622.788157979235,4701.359429078114
2747.6323119777157,-1603.557310747682,959.4733446660947,6827.007586071842,13680.25657349556,13840.100938037778,9504.815026184348,3889.9690564306693,12018.380352660099,13831.169559131215,8982.943469455295,13371.02286796817,6529.681861857363,4583.683539167701
2757.660167130919,-1530.1727643259997,961.7917507890953,6843.503902803631,13708.024109778633,13810.77658496621,9452.084827155468,3910.2782519466596,12032.522994841423,13831.356397214953,8989.67348413592,13380.724938298621,6436.659206524472,4466.4731959653645
2767.6880222841223,-1456.6152627784502,964.0014457801296,6859.226699638541,13734.97540580149,13780.14917718006,9399.088088738194,3932.0784710635144,12046.616947300061,13831.456185112751,8996.475543015313,13390.292096329578,6343.766851906022,4349.821160960497
2777.7158774373256,-1382.8931202949364,966.1021798778087,6874.174199431945,13761.103107629642,13748.223900522209,9345.844441224903,3955.3352892556377,12060.656019906177,13831.468879594155,9003.346411059101,13399.720310250272,6251.053539268003,4233.828494066553
2787.743732590529,-1309.0146696746829,968.0937156365711,6888.34471267089,13786.400118207546,13715.006176982653,9292.373919675832,3980.0127535566285,12074.634067968835,13831.39447515968,9010.282828066942,13409.005615040782,6158.570216160678,4118.605552879115
2797.7715877437327,-1234.9882613843934,969.9758279535233,6901.736637665058,13810.859595995153,13680.501666021062,9238.696969674926,4006.07356064721,12088.544994539028,13831.233004042891,9017.281510412944,13418.144113744864,6066.370168072588,4004.27311569461
2807.799442896936,-1160.8222626144202,971.7483040938804,6914.348460727803,13834.474953655521,13644.71626597294,9184.834453008381,4033.4792327253226,12102.382752660178,13830.984536198264,9024.339152783246,13427.13197870898,5974.509156757844,3890.9636398802827
2817.8272980501392,-1086.5250563329573,973.4109437150147,6926.178756347258,13857.239856793298,13607.65611554306,9130.807653238026,4062.190289571243,12116.14134756652,13830.64917927475,9031.452429909557,13435.965452787854,5883.045565087717,3778.822666166553
2827.8551532033425,-1012.1050403386073,974.9635588890967,6937.226187347436,13879.148222743705,13569.327595390476,9076.638281139258,4092.1664154131904,12129.81483882951,13830.227078575143,9038.617998297597,13444.640850516791,5792.040548137814,3668.010377165337
2837.883008356546,-937.5706263110803,976.40597412434,6947.4895050393925,13900.194219411887,13529.737329809288,9022.348479969954,4123.366619398961,12143.397342452705,13829.718417001226,9045.832497949188,13453.154559251117,5701.558190048601,3558.7033143203334
2847.910863509749,-862.9302388605175,977.7380263848347,6956.967549362349,13920.37226416214,13488.892188509924,8967.960830533937,4155.749388681672,12156.883032915475,13829.12341498468,9053.09255407718,13461.503040273015,5611.66566598542,3451.0962507933627
2857.9387186629524,-788.1923145751904,978.9595651089763,6965.659249014827,13939.677022756812,13446.799288505626,8913.498355998972,4189.272833326273,12170.266145165955,13828.442330403763,9060.394778811908,13469.682829866088,5522.433408266914,3345.4042074640047
2867.9665738161557,-713.3653010679457,980.0704522264839,6973.563621575727,13958.103408344428,13403.46599610952,8858.984526426035,4223.894822434823,12183.540976563687,13827.675458485826,9067.735772898395,13477.690540357895,5433.935275422962,3241.8645839896094
2877.9944289693594,-638.4576560213671,981.0705621740055,6980.679773615378,13975.646580496734,13358.899929047613,8804.44326296261,4259.573111067965,12196.701888772508,13826.823131695613,9075.112127383294,13485.52286113094,5346.248722575971,3140.739355190721
2888.0222841225627,-563.477846231806,981.9597819093109,6987.006900796516,13992.301944294244,13313.108958693594,8749.898941649131,4296.265457705741,12209.743309604164,13825.885719609416,9082.520425290622,13493.17655960221,5259.454971108128,3042.317253161027
2898.050139275766,-488.4343466523794,982.7380109240688,6992.5442879652055,14008.065149459962,13266.101212431475,8695.376396783398,4333.929732140287,12222.659734813213,13824.863628775027,9089.957243285427,13500.64848217181,5173.639175072962,2946.915815721814
2908.0779944289693,-413.33563943504987,983.4051612552071,6997.291309231665,14022.932089540853,13217.885076152668,8640.90092378368,4372.524013825494,12235.445729843805,13823.757302557615,9097.419153324649,13507.93555514082,5088.890581228951,2854.8831308272797
2918.1058495821726,-338.1902129718876,983.9611574948552,7001.247428041017,14036.89890113674,13168.469196894315,8586.498281486816,4412.006680823088,12248.095931528958,13822.567220971465,9104.902724294152,13515.034785598853,5005.302678909916,2766.5990440658725
2928.133704735376,-263.0065609356239,984.4059367988682,7004.412197233934,14049.961963176242,13117.86248562609,8532.194693813008,4452.336489582334,12260.60504974294,13821.293900497612,9112.404523631494,13521.943262281517,4922.973335201409,2682.4755244959783
2938.161559888579,-187.79318131964413,984.7394488939285,7006.785259097176,14062.117896239379,13066.074120193154,8478.016850724363,4493.472645870083,12272.967869007385,13819.937893887434,9119.921118933342,13528.658156398198,4842.004910065931,2602.9558084690525
2948.1894150417825,-112.55857547739227,984.9616560832302,7008.366345404029,14073.363561926559,13013.113548423364,8423.991908399577,4535.374867232605,12285.179250051857,13818.499789952217,9127.44907954718,13535.17672243036,4762.504345160371,2528.5118732409487
2958.2172701949858,-37.31124716155864,985.0725332507383,7009.15527744462,14083.696062273531,12958.990491407309,8370.147488542123,4578.003437419335,12297.234131329507,13816.980213338711,9134.984978146444,13541.49629890083,4684.583219131557,2459.6397508612736
2968.2451253481895,37.940298437197995,985.0720678640284,7009.151966046115,14093.112739212092,12903.714946960155,8316.511676734748,4621.319253234765,12309.127530488451,13815.379824290721,9142.525392288553,13547.614309114191,4608.357761184145,2396.8522049245685
2978.272980501393,113.18755565149624,984.9602599757033,7008.356411582803,14101.611174076164,12847.297193274819,8263.113019747998,4665.2838643077785,12320.854545799695,13813.699318396768,9150.066905955287,13553.528261868758,4533.9488137253875,2340.6683911609352
2988.300835654596,188.4220192986951,984.7371222233863,7006.768703976046,14109.189187153004,12789.747792776598,8209.98052170587,4709.859506281259,12332.410357542181,13811.939426323845,9157.606111074896,13559.23575214033,4461.481733952755,2291.6003398202206
2998.3286908077994,263.6351856422016,984.4026798282936,7004.389022684121,14115.844837279305,12731.07759618988,8157.143639007137,4755.009127928078,12343.790229345761,13810.10091353737,9165.13960902549,13564.734461738015,4391.086223429559,2250.1364524556525
3008.3565459610027,338.81855335265914,983.9569705923832,7001.217636681938,14121.576421481908,12671.297746828035,8104.6322738963145,4800.69641269613,12354.98950949274,13808.184580007272,9172.664012119225,13570.022159932465,4322.896074073176,2216.7226864911763
3018.384401114206,413.9636244688196,983.4000448940823,6997.25490443063,14126.382474662969,12610.419685118462,8052.476766574331,4846.88579517476,12366.003632178734,13806.191259900386,9180.175945066861,13575.096704056754,4257.048818662667,2191.742648859093
3028.4122562674092,489.0619053581354,982.7319656825925,6992.5012738370415,14130.26176932931,12548.455153375175,8000.7078857349725,4893.542472959561,12376.82811873359,13804.121821259087,9187.672046422214,13579.956040080162,4193.685274075417,2175.4983227622
3038.4401114206125,564.1049076766988,981.9528084707757,6986.957282203102,14133.21331536591,12485.416200832193,7949.356817410147,4940.632414373455,12387.458578803007,13801.977165666307,9195.14897000626,13584.59820315519,4132.948966118074,2168.193460713328
3048.467966573816,639.0841493287778,981.0626613266176,6980.623556165094,14135.236359853274,12421.315188951434,7898.455152004079,4988.122362479477,12397.89071149167,13799.758227896953,9202.603386310382,13589.021318137959,4074.9854261630003,2169.92165213702
3058.4958217270196,713.9911554254529,980.0616248632747,6973.50081162282,14136.330386928641,12356.16479702002,7848.0348693947035,5035.979835796546,12408.120306468487,13797.465975555791,9210.031983878629,13593.223600082336,4019.9413519714253,2180.6606436711013
3068.523676880223,788.8174592425997,978.9498122277007,6965.589853658694,14136.495117690942,12289.978028052212,7798.128321979232,5084.1731261036175,12418.143245034787,13795.10140870185,9217.431470668527,13597.203354707952,3967.9636281916537,2200.273701066448
3078.551532033426,863.5546031778504,977.7273490878591,6956.891576446735,14135.730510149417,12222.768215012366,7748.768215540674,5132.671293691312,12427.955501155979,13792.665559459447,9224.798575390307,13600.958978842371,3919.1982061396066,2228.5178213521035
3088.5793871866294,938.194139706561,976.3943736185173,6947.4069631514985,14134.036759215873,12154.549027375953,7699.987587812933,5181.4441603934465,12437.5531424576,13790.159491615856,9232.130048824267,13604.48896083762,3873.788847612355,2265.0576706811016
3098.6072423398327,1012.7276323366333,974.9510364856296,6937.137085816957,14131.414296740593,12085.334478046858,7651.819784624218,5230.462300704521,12446.932331186188,13787.584300205755,9239.422665116103,13607.791880961293,3831.875743580958,2309.483457499602
3108.635097493036,1087.1466565620906,973.3975008293079,6926.083105245321,14127.86379159191,12015.138930649859,7604.298433501978,5279.697031263521,12456.089325135874,13784.941111082473,9246.673223049975,13610.86641176237,3793.5940254776033,2361.3306770637028
3118.6629526462393,1161.4428008152968,971.7339422453812,6914.246270865837,14123.386149779473,11943.97710721827,7557.457414627669,5329.120398959423,12465.020478541182,13782.231080476144,9253.878547299197,13613.711318412032,3759.0721941340685,2420.099779638269
3128.6908077994426,1235.607667417715,969.9605487655479,6901.627920593557,14117.982514621315,11871.864096297975,7511.330829036362,5378.7051678900625,12473.72224293682,13779.455394538876,9261.03548965447,13616.325459019563,3728.4304988182203,2485.2742161127203
3138.718662952646,1309.6328735290958,968.0775208361235,6888.229480678127,14111.654266954809,11798.815361489878,7465.952963964913,5428.4248053833535,12482.191167984984,13776.615268876993,9268.140930229387,13618.707784923516,3701.779305717143,2556.335851051071
3148.7465181058496,1383.5100520949925,966.0850712953836,6874.052465542568,14104.403025391639,11724.846750454184,7421.3582552629205,5478.253467268623,12490.423902270943,13773.711948070462,9275.191778643371,13620.857340958328,3679.2175010143496,2632.7772658832214
3158.774373259053,1457.2308527924658,963.9834253495071,6859.098477612107,14096.230646616965,11649.974504400789,7377.581246793632,5528.165982565843,12498.417194067355,13770.746705179607,9282.184975181734,13622.773265696496,3660.830977766835,2714.110911598875
3168.802228412256,1530.7869429739533,961.7728205471208,6843.369207133051,14087.139225732903,11574.215268091793,7334.656546766771,5578.137837742141,12506.16789206803,13767.72084123922,9289.117491932964,13624.45479166641,3646.69125751337,2799.8753716165597
3178.8300835654595,1604.170008609084,959.4535067524499,6826.866431981741,14077.131096646614,11497.586100382816,7292.618780962834,5628.1451606677765,12513.672946091734,13764.635684740137,9295.986333903247,13625.901245546054,3636.854296477379,2889.63916383327
3188.857938718663,1677.3717552244173,957.025746117075,6809.5920174635985,14066.20883250313,11420.104485331653,7251.502542828094,5678.164704387884,12520.92940775646,13761.492591098484,9302.788540108013,13627.112048332529,3631.359522110554,2983.002572211292
3198.885793871866,1750.3839088409657,954.4898130503024,6791.547916102291,14054.375246163248,11341.788343903698,7211.342340441735,5728.1738308122285,12527.934431124932,13758.292942112612,9309.52118464079,13628.086715487645,3630.2291385721464,3079.5979862956615
3208.9136490250694,1823.198216909399,951.8459941881463,6772.736167419038,14041.633390726718,11262.6560463054,7172.172540381372,5778.150494411528,12534.68527332165,13755.038145407925,9316.18137771913,13628.824857059542,3633.4677298709353,3179.089172858411
3218.9415041782727,1895.806449242836,949.0945883609317,6753.158897702083,14027.98656010103,11182.726424977915,7134.027308540136,5828.073225997507,12541.17929512223,13751.729633869661,9322.766266707886,13629.326177780482,3641.0621774189603,3281.1698312717076
3228.969359331476,1968.2003989470907,946.2359065595165,6732.818319766363,14013.438289616086,11102.018788285168,7096.940547978034,5877.921116652465,12547.4139615153,13748.368865063863,9329.27303711967,13629.590477140779,3652.981895507061,3385.5617090351184
3238.9972144846797,2040.371883348298,943.2702719001413,6711.716732703392,13997.992356685127,11020.552934931351,7060.945833921614,5927.673801864952,12553.386842237673,13744.957320646536,9335.698913592776,13629.617649439027,3669.1793747050488,3492.0124851490677
3249.025069637883,2112.3127449178073,940.1980195879072,6689.8565216213965,13981.6527815122,10938.349169144953,7026.0763460596045,5977.311445918859,12559.095612283045,13741.496505761312,9342.041160846426,13629.407683808526,3689.5910104417485,3600.2935708541945
3259.0529247910863,2184.0148521942187,937.0194968788868,6667.240157375722,13964.423827846555,10855.428316667372,6992.364798317026,6026.814726575905,12564.538052384858,13737.98794842563,9348.29708461365,13628.960664220001,3714.1381829675875,3710.1979306422854
3269.0807799442896,2255.4701007024833,933.7350630408757,6643.870196289564,13946.310003784305,10771.811741586,6959.843366326744,6076.164820084008,12569.712049473623,13734.433198905652,9354.464032551748,13628.276769460601,3742.728546287271,3821.5379906440858
3279.108635097493,2326.670413869957,930.3450893127825,6619.749279865012,13927.316062617752,10687.521364052824,6928.543612854542,6125.343386538402,12574.615597109158,13730.833829080098,9360.539395130503,13627.356273089146,3775.257477942603,3934.143674972231
3289.136490250696,2397.6077439392616,926.8499588626703,6594.880134484501,13907.447003732703,10602.579678931157,6898.496411471286,6174.3325556162235,12579.246795888183,13727.191431793151,9366.520606498278,13626.199543367624,3811.609638895904,4047.8605915787084
3299.1643454038995,2468.274072877989,923.2500667444435,6569.26557110262,13886.7080735542,10517.009775414092,6869.731868803165,6223.114912701092,12583.603853827537,13723.507620196599,9372.405145326064,13624.807043168845,3851.66059309127,4162.548375999087
3309.1922005571028,2538.661413284889,919.5458198531999,6542.908484928429,13865.104766540999,10430.835357659911,6842.279245727386,6271.6734854094975,12587.685086723499,13719.784027081394,9378.190535629748,13623.179329860337,3895.2784391898476,4278.079192550926
3319.220055710306,2608.7618092927755,915.7376368792336,6515.811855098171,13842.642826229185,10344.080766490226,6816.166877915891,6319.991730527259,12591.488918487408,13716.022304198885,9383.874347570556,13621.317055164207,3942.3254119526223,4394.336386953752
3329.24791086351,2678.5673374676953,911.8259482607166,6487.978744338579,13819.328246325294,10256.77100219801,6791.42209616241,6368.053521361198,12595.013881458039,13712.224121571835,9389.454198234029,13619.220964993143,3992.659417154696,4511.213281019687
3339.275766016713,2748.0701077045546,907.8111961350423,6459.412298620679,13795.167271849265,10168.931748512807,6768.07114695826,6415.843135508088,12598.258616690913,13708.391166795493,9394.927752387472,13616.891899262238,4046.135471125791,4628.612098332705
3349.3036211699164,2817.2622641189555,903.6938342888509,6430.115746804189,13770.16640032751,10080.589397771224,6746.139113808493,6463.34524304089,12601.221874224877,13704.525144328882,9400.292723216258,13614.33079167671,4102.6070234386525,4746.443009173351
3359.3314763231197,2886.135985935079,899.4743281067414,6400.092400272594,13744.332383036559,9991.771077340867,6725.649839802121,6510.5448951098015,12603.90251332618,13700.627774776593,9405.54687303895,13611.5386694953,4161.927148426112,4864.623282983814
3369.359331476323,2954.683488369747,895.1531545186646,6369.345652558826,13717.672226297347,9902.504677344987,6706.625851966958,6557.427512954362,12606.29950271032,13696.700794161214,9410.68801400155,13608.516653269295,4223.949597733156,4983.076537141863
3379.3871866295262,3022.8970235122592,890.7308019460198,6337.878978961721,13690.193192820552,9812.818879735209,6689.088287950894,6603.978877320838,12608.411920741799,13692.745953186719,9415.714008750963,13605.265956556983,4288.529711761216,5101.732071536695
3389.4150417827295,3090.7688812002025,886.2077702464456,6305.695936153187,13661.902803103103,9722.7431887575,6673.05682557624,6650.185118278474,12610.238955612063,13688.765016493024,9420.622771087917,13601.787885613428,4355.525192514559,5220.524279292874
3399.442896935933,3158.2913898908637,881.5845706573248,6272.8001617762175,13632.808836876076,9632.30796285514,6658.549615812107,6696.03270542653,12611.779905495767,13684.759761901933,9425.41226659942,13598.0838390554,4424.796743982819,5339.392124885172
3409.4707520891366,3225.4569175284178,876.8617257379935,6239.195374033692,13602.919334603992,9541.54444804894,6645.583219700619,6741.508438483834,12613.034178685451,13680.73197965477,9430.080513271003,13594.15530750128,4496.208588836761,5458.27868177719
3419.49860724234,3292.2578724065065,872.039769310683,6204.885371268151,13572.242599035648,9450.484812832156,6634.172549756593,6786.599438251314,12614.001293704907,13676.683471641922,9434.625582078943,13590.00387318578,4569.628871970358,5577.130722564669
3429.526462395543,3358.686704026374,867.1192464001776,6169.874031532444,13540.787196806412,9359.162184611723,6624.330816336354,6831.2931379379825,12614.6808794012,13672.616050624621,9439.045597562523,13585.631209549252,4644.929962418264,5695.898355395859
3439.5543175487464,3424.735903950279,862.1007131722113,6134.165312151392,13508.561960091869,9267.610687722068,6616.06947944034,6875.577274840008,12615.072675015484,13668.53153944919,9443.338738376664,13581.039080801413,4721.98866554914,5814.534701163726
3449.5821727019497,3490.398006650176,856.9847368706056,6097.763249274512,13475.575988312632,9175.865483029913,6609.398206375665,6919.439882362577,12615.176530232773,13664.431770254043,9447.503237824936,13576.229341459271,4800.6863573195815,5932.995606618546
3459.610027855153,3555.6655903515425,851.7718957531531,6060.671957419791,13441.838649890009,9083.962809139439,6604.324835659836,6962.869282373834,12614.992405210518,13660.318583669761,9451.537384373292,13571.203935859014,4880.909051895603,6051.239389133899
3469.6378830083563,3620.5312778722614,846.4627790262579,6022.895629008638,13407.359584052168,8991.940025196085,6600.85534749549,7005.854077880167,12614.520370586233,13656.193828012541,9455.439522144505,13565.964897641625,4962.547413219784,6169.226609378703
3479.6657381615596,3684.9877374564608,841.0579867783364,5984.438533892,13372.148702690181,8899.835655273886,6598.993841089372,7048.383146012182,12613.76060746403,13652.059358471324,9459.208051393698,13560.514349212011,5045.49672021535,6286.919868607218
3489.693593314763,3749.0276836032226,835.5581299119914,5945.305018867763,13336.216192263391,8807.689434315667,6598.742519027436,7090.445631310443,12612.713407380119,13647.917036288882,9462.841428964877,13554.854501171383,5129.656794347861,6404.283627683347
3499.7214484679666,3812.6438778900633,829.9638300749589,5905.499507189403,13299.572515753172,8715.542355576803,6600.101678853051,7132.030939300555,12611.379172247176,13643.768727937224,9466.33816872889,13548.987651722575,5214.9318972694655,6521.284045310724
3509.74930362117,3875.8291297910714,824.2757195898487,5865.026498066073,13262.228414664272,8623.436719501606,6603.069711927922,7173.12873034686,12609.758414277654,13639.616304287732,9469.69684200276,13542.916186048142,5301.230605291544,6637.888833251016
3519.777158774373,3938.576297489702,818.4944413826651,5823.890566153998,13224.194911072344,8531.416183935688,6607.643109586478,7213.728913774558,12607.851755885784,13635.461639776137,9472.916077950646,13536.642575660864,5388.465666500093,6754.067126585331
3529.8050139275765,4000.8782886859453,812.6206489101457,5782.0963610394665,13185.483309716585,8439.525815549234,6613.816476525516,7253.821642249976,12605.659929568314,13631.306611562966,9475.994563966613,13530.169377726399,5476.5538454620755,6869.789367310924
3539.83286908078,4062.728061398026,806.6550060858949,5739.648606713234,13146.105200135735,8347.812142311315,6621.582551302989,7293.397306409067,12603.18377776381,13627.153098689605,9478.931046039252,13523.49923435786,5565.415759683724,6985.027199773811
3549.860724233983,4124.118624758328,800.5981872053451,5696.552101036605,13106.072458845683,8256.323206817662,6630.9322337538915,7332.44652972445,12600.42425269035,13623.00298123046,9481.724329098379,13516.634871881886,5654.975711275403,7099.753376618737
3559.8885793871864,4185.043039803579,794.4508768695401,5652.811715199119,13065.397251556691,8165.108620229396,6641.854619068755,7370.960163601512,12597.382416161576,13618.858139441474,9484.373277343944,13509.579100076064,5745.1615166552865,7213.941674096684
3569.9164345403897,4245.494420259157,788.2137699077554,5608.432393167964,13024.092035427835,8074.219616530938,6654.337038222022,7408.929282694377,12594.059439380726,13614.720452905527,9486.876814557232,13502.33481137727,5835.90433658063,7327.566815708401
3579.944289693593,4305.46593331745,781.8875712989607,5563.4191511291565,12982.169561356146,7983.709106758243,6668.365104384488,7446.345180432821,12590.456602712686,13610.59179967495,9489.233924394504,13494.90498006069,5927.13850832743,7440.604403283338
3589.9721448467967,4364.950800410156,775.4729960921384,5517.777076920577,12939.642876297408,7893.6317327855195,6683.9227649069435,7483.1993647515,12586.575295433617,13606.474055411669,9491.44365066326,13487.292661389178,6018.8013814394835,7553.030854699087
3600.0,4423.9422979744795,768.9707693254586,5471.511329456867,12896.525325615388,7804.0439201872705,6700.99235842166,7519.4835540131135,12582.417015458075,13602.369092525258,9493.505097581103,13479.500990732628,6110.83315813054,7664.823347539119
